wi,Ai,mu_i,L_gamma_i,G_sigma2_i,fwhm,Rwp: 7.175518,Rp: 3.325686 ,Rsquare: 5.464140 
704065.3445181353,0.6666666666666666,932.5939654152415,0.7223487298736718,0.2138041931913852,1.2360000000000468
360352.0247401896,0.9569550432181937,952.3921938313157,0.8227290508999292,0.35948600122284374,1.6320000000000618
