system,a,b,c,alpha,beta,gamma
1,9.41186,9.41186,9.41186,90.0,90.0,90.0
3,4.49683,4.49683,3.10397,90.0,90.0,90.0
