wi,Ai,mu_i,L_gamma_i,G_sigma2_i,fwhm,Rwp: 3.804624,Rp: 2.032829 ,Rsquare: 1.342677 
522443.0915887711,0.6666666666666667,932.8243569627962,0.6350115517741538,0.19564360520586047,1.14399999999996
277452.819084908,0.7244189352104435,952.5610524699291,1.3364109682563383,0.2596534803835093,1.5729999999999449
