system,a,b,c,alpha,beta,gamma
2,17.53918,17.53918,6.44198,90.0,90.0,120.0
