system,a,b,c,alpha,beta,gamma
1,9.40863,9.40863,9.40863,90.0,90.0,90.0
